job_title,job_industry_category,wealth_segment
Executive Secretary,Health,Mass Customer
Administrative Officer,Financial Services,Mass Customer
Recruiting Manager,Property,Mass Customer
,IT,Mass Customer
Senior Editor,n/a,Affluent Customer
,Retail,High Net Worth
,Financial Services,Affluent Customer
Media Manager I,n/a,Mass Customer
Business Systems Development Analyst,Argiculture,Affluent Customer
Senior Quality Engineer,Financial Services,Mass Customer
,Property,Mass Customer
Nuclear Power Engineer,Manufacturing,Mass Customer
Developer I,Financial Services,High Net Worth
Account Executive,Financial Services,Affluent Customer
Junior Executive,Manufacturing,Mass Customer
Media Manager IV,n/a,Mass Customer
Sales Associate,n/a,Affluent Customer
Professor,n/a,Affluent Customer
Geological Engineer,Manufacturing,High Net Worth
Project Manager,Manufacturing,Mass Customer
Safety Technician I,Manufacturing,Affluent Customer
,n/a,High Net Worth
Research Assistant I,Argiculture,Mass Customer
Accounting Assistant III,Financial Services,Mass Customer
Editor,Financial Services,Mass Customer
Research Nurse,Health,Mass Customer
Senior Quality Engineer,Health,Affluent Customer
Safety Technician III,Manufacturing,Mass Customer
,IT,Affluent Customer
Staff Accountant III,Telecommunications,High Net Worth
Legal Assistant,Manufacturing,Affluent Customer
Product Engineer,n/a,Affluent Customer
Legal Assistant,IT,Affluent Customer
Information Systems Manager,Health,High Net Worth
VP Quality Control,n/a,Affluent Customer
Social Worker,Health,High Net Worth
Senior Cost Accountant,Financial Services,Affluent Customer
Assistant Media Planner,Entertainment,Mass Customer
Payment Adjustment Coordinator,Manufacturing,Affluent Customer
Food Chemist,Health,Mass Customer
Accountant III,Manufacturing,Mass Customer
Director of Sales,Retail,Mass Customer
Assistant Media Planner,Entertainment,Affluent Customer
Senior Financial Analyst,Financial Services,Mass Customer
,n/a,Affluent Customer
Registered Nurse,Health,Affluent Customer
Biostatistician II,n/a,Mass Customer
Account Executive,Manufacturing,Mass Customer
Computer Systems Analyst II,Retail,Mass Customer
,Financial Services,Mass Customer
Software Test Engineer II,Financial Services,Mass Customer
Sales Associate,Property,Mass Customer
Paralegal,Financial Services,Affluent Customer
VP Sales,Property,Mass Customer
Chief Design Engineer,n/a,Mass Customer
Office Assistant III,Financial Services,Affluent Customer
Physical Therapy Assistant,n/a,High Net Worth
,Manufacturing,Mass Customer
Help Desk Operator,Property,High Net Worth
Senior Quality Engineer,Retail,Mass Customer
Legal Assistant,IT,High Net Worth
Information Systems Manager,Financial Services,Affluent Customer
Account Executive,Argiculture,High Net Worth
Web Developer II,Retail,Mass Customer
Information Systems Manager,n/a,Affluent Customer
Web Developer II,n/a,Mass Customer
Research Associate,Argiculture,Affluent Customer
Administrative Officer,Manufacturing,Affluent Customer
Teacher,n/a,Affluent Customer
,n/a,Mass Customer
VP Product Management,Property,Mass Customer
Statistician II,Retail,High Net Worth
Automation Specialist IV,Financial Services,Mass Customer
Data Coordiator,Entertainment,Mass Customer
,Health,High Net Worth
Software Test Engineer III,Property,High Net Worth
Internal Auditor,IT,Mass Customer
Accountant III,n/a,Mass Customer
Analyst Programmer,n/a,Mass Customer
Occupational Therapist,Health,High Net Worth
Speech Pathologist,Health,Mass Customer
Quality Control Specialist,Manufacturing,Mass Customer
Senior Financial Analyst,Financial Services,Affluent Customer
Recruiting Manager,Health,Mass Customer
Project Manager,Retail,Mass Customer
Civil Engineer,Manufacturing,Mass Customer
Software Engineer III,Manufacturing,Affluent Customer
Community Outreach Specialist,Financial Services,Mass Customer
Safety Technician IV,Health,Mass Customer
VP Accounting,Financial Services,Mass Customer
General Manager,Financial Services,Mass Customer
Nurse Practicioner,Manufacturing,High Net Worth
Quality Control Specialist,Manufacturing,Affluent Customer
Product Engineer,Financial Services,Affluent Customer
Automation Specialist II,Health,Mass Customer
Recruiting Manager,Manufacturing,Mass Customer
Software Test Engineer III,Health,High Net Worth
Nurse Practicioner,Financial Services,Mass Customer
Marketing Assistant,n/a,Affluent Customer
Marketing Manager,Retail,High Net Worth
Staff Scientist,n/a,Mass Customer
Teacher,Entertainment,Affluent Customer
Account Executive,Health,Mass Customer
Assistant Professor,Manufacturing,Affluent Customer
Marketing Manager,Manufacturing,Mass Customer
Budget/Accounting Analyst IV,n/a,High Net Worth
Associate Professor,n/a,High Net Worth
Legal Assistant,Financial Services,High Net Worth
Graphic Designer,Manufacturing,Mass Customer
Quality Control Specialist,Financial Services,Mass Customer
Analyst Programmer,Financial Services,High Net Worth
Administrative Assistant II,Health,High Net Worth
Computer Systems Analyst II,Property,Mass Customer
Administrative Officer,Health,Mass Customer
Compensation Analyst,Financial Services,Mass Customer
Systems Administrator III,Property,Mass Customer
Financial Advisor,Financial Services,High Net Worth
Chemical Engineer,Manufacturing,Mass Customer
Administrative Officer,Retail,High Net Worth
Web Designer I,Manufacturing,Mass Customer
Legal Assistant,Telecommunications,Affluent Customer
Senior Developer,Manufacturing,High Net Worth
Office Assistant II,Property,High Net Worth
Recruiter,Financial Services,Affluent Customer
Operator,Telecommunications,Affluent Customer
Programmer Analyst III,Manufacturing,Mass Customer
Teacher,Financial Services,High Net Worth
Quality Engineer,Health,Affluent Customer
Operator,Argiculture,Mass Customer
Environmental Tech,IT,Mass Customer
Account Executive,Financial Services,Mass Customer
Analog Circuit Design manager,Health,Mass Customer
Programmer Analyst III,n/a,Mass Customer
Cost Accountant,Financial Services,Affluent Customer
Junior Executive,n/a,Mass Customer
Quality Engineer,Manufacturing,Mass Customer
Cost Accountant,Financial Services,Mass Customer
Financial Advisor,Financial Services,Affluent Customer
Internal Auditor,n/a,Affluent Customer
Research Nurse,Health,Affluent Customer
Registered Nurse,Health,Mass Customer
Nurse Practicioner,IT,Mass Customer
Librarian,Entertainment,High Net Worth
Senior Editor,Retail,Affluent Customer
Administrative Officer,Argiculture,Mass Customer
Structural Analysis Engineer,Manufacturing,Affluent Customer
General Manager,IT,Affluent Customer
Data Coordiator,Telecommunications,High Net Worth
Pharmacist,Health,High Net Worth
Assistant Manager,Manufacturing,Mass Customer
Editor,Manufacturing,Affluent Customer
General Manager,Health,Affluent Customer
Quality Engineer,Manufacturing,Affluent Customer
Accountant I,Property,Mass Customer
Professor,Financial Services,High Net Worth
Environmental Tech,Manufacturing,High Net Worth
Web Designer III,Argiculture,Affluent Customer
Senior Editor,Manufacturing,Mass Customer
Sales Associate,Financial Services,Affluent Customer
Geologist III,Retail,Affluent Customer
Marketing Manager,Manufacturing,High Net Worth
Software Test Engineer I,Financial Services,Mass Customer
Structural Engineer,n/a,Mass Customer
Safety Technician II,Property,High Net Worth
Safety Technician I,Financial Services,Affluent Customer
Help Desk Operator,n/a,Affluent Customer
Junior Executive,Health,Mass Customer
Web Developer III,Financial Services,Affluent Customer
Programmer Analyst II,Manufacturing,High Net Worth
Physical Therapy Assistant,Property,Affluent Customer
Design Engineer,Manufacturing,Mass Customer
Librarian,Entertainment,Affluent Customer
Senior Quality Engineer,Argiculture,Mass Customer
Administrative Assistant II,Financial Services,Mass Customer
Statistician I,n/a,Mass Customer
Office Assistant III,Property,High Net Worth
Analog Circuit Design manager,n/a,Affluent Customer
Assistant Manager,Property,Mass Customer
VP Marketing,Manufacturing,Mass Customer
Desktop Support Technician,IT,Affluent Customer
Actuary,Financial Services,High Net Worth
Assistant Professor,Retail,High Net Worth
Quality Engineer,Financial Services,High Net Worth
,Manufacturing,High Net Worth
Administrative Officer,Property,High Net Worth
Database Administrator III,Health,Mass Customer
Electrical Engineer,Manufacturing,High Net Worth
Tax Accountant,Manufacturing,Mass Customer
Clinical Specialist,Health,Mass Customer
VP Sales,n/a,Affluent Customer
Compensation Analyst,Financial Services,Affluent Customer
Pharmacist,Health,Affluent Customer
Database Administrator IV,Manufacturing,Mass Customer
Accountant I,Entertainment,Mass Customer
Systems Administrator II,Manufacturing,High Net Worth
,Property,High Net Worth
Internal Auditor,Property,High Net Worth
Design Engineer,Financial Services,Mass Customer
Professor,Retail,Mass Customer
Environmental Tech,Property,Mass Customer
Chief Design Engineer,Retail,High Net Worth
Social Worker,Health,Mass Customer
Account Coordinator,Property,High Net Worth
Programmer III,n/a,Mass Customer
Administrative Assistant III,IT,High Net Worth
Quality Engineer,Entertainment,Mass Customer
Nurse,Property,Affluent Customer
Teacher,Manufacturing,High Net Worth
,Retail,Affluent Customer
Associate Professor,Financial Services,Affluent Customer
Technical Writer,Manufacturing,High Net Worth
Staff Accountant II,Financial Services,High Net Worth
Clinical Specialist,Health,Affluent Customer
Quality Control Specialist,IT,High Net Worth
Legal Assistant,Health,Mass Customer
VP Sales,Financial Services,Affluent Customer
Account Coordinator,Property,Mass Customer
Information Systems Manager,Retail,Mass Customer
Desktop Support Technician,IT,Mass Customer
Director of Sales,Health,High Net Worth
Sales Associate,Manufacturing,Affluent Customer
Administrative Officer,Manufacturing,High Net Worth
Senior Developer,Health,High Net Worth
Senior Quality Engineer,Health,High Net Worth
Dental Hygienist,Health,High Net Worth
Technical Writer,Health,Mass Customer
Sales Representative,Retail,High Net Worth
Account Executive,Retail,Affluent Customer
,IT,High Net Worth
Nurse Practicioner,Property,Mass Customer
Budget/Accounting Analyst III,n/a,Mass Customer
Financial Advisor,Financial Services,Mass Customer
Product Engineer,Retail,Mass Customer
Computer Systems Analyst IV,n/a,Mass Customer
VP Sales,Health,High Net Worth
VP Product Management,n/a,High Net Worth
Executive Secretary,n/a,Affluent Customer
Geologist I,n/a,Affluent Customer
Cost Accountant,Financial Services,High Net Worth
VP Quality Control,Argiculture,High Net Worth
Assistant Manager,Retail,Mass Customer
Financial Analyst,Financial Services,High Net Worth
Community Outreach Specialist,Manufacturing,Mass Customer
Accounting Assistant II,Manufacturing,Affluent Customer
Nuclear Power Engineer,Manufacturing,Affluent Customer
Clinical Specialist,Health,High Net Worth
Senior Sales Associate,IT,Mass Customer
VP Product Management,n/a,Affluent Customer
Administrative Assistant III,Manufacturing,Mass Customer
Recruiting Manager,n/a,High Net Worth
Database Administrator II,n/a,Mass Customer
Engineer I,Manufacturing,High Net Worth
Budget/Accounting Analyst I,Financial Services,Mass Customer
Developer IV,Manufacturing,High Net Worth
,Health,Mass Customer
Assistant Professor,Argiculture,Mass Customer
Financial Analyst,Financial Services,Mass Customer
Registered Nurse,Health,High Net Worth
Database Administrator I,IT,High Net Worth
Account Coordinator,Financial Services,Mass Customer
Internal Auditor,Health,High Net Worth
Desktop Support Technician,Financial Services,Affluent Customer
Operator,Manufacturing,Mass Customer
Marketing Assistant,Retail,High Net Worth
Chief Design Engineer,Manufacturing,Affluent Customer
Environmental Specialist,Manufacturing,Mass Customer
Automation Specialist II,Entertainment,Mass Customer
Programmer III,Retail,Affluent Customer
,Retail,Mass Customer
Marketing Manager,n/a,Mass Customer
Research Associate,Financial Services,Mass Customer
Senior Developer,Health,Mass Customer
Computer Systems Analyst I,IT,Mass Customer
Computer Systems Analyst I,Financial Services,Affluent Customer
Help Desk Operator,Financial Services,Mass Customer
Design Engineer,Health,Mass Customer
Senior Developer,Manufacturing,Mass Customer
Account Representative IV,Entertainment,High Net Worth
Recruiting Manager,Manufacturing,High Net Worth
Desktop Support Technician,Health,Mass Customer
Statistician IV,Argiculture,High Net Worth
Human Resources Manager,Health,Mass Customer
,Argiculture,Mass Customer
GIS Technical Architect,Financial Services,Mass Customer
Programmer IV,Health,High Net Worth
Recruiter,Property,Affluent Customer
Senior Sales Associate,Health,High Net Worth
Marketing Manager,Financial Services,Mass Customer
Assistant Professor,Retail,Mass Customer
Computer Systems Analyst IV,Manufacturing,High Net Worth
Pharmacist,Health,Mass Customer
Sales Representative,Retail,Mass Customer
Information Systems Manager,n/a,Mass Customer
Legal Assistant,Property,Mass Customer
Database Administrator II,Retail,Mass Customer
Director of Sales,n/a,Affluent Customer
Accounting Assistant IV,n/a,Mass Customer
Staff Scientist,Property,Mass Customer
Software Engineer IV,Health,Mass Customer
Software Engineer IV,Financial Services,High Net Worth
Database Administrator III,Financial Services,Affluent Customer
VP Quality Control,Property,High Net Worth
Programmer II,Manufacturing,Mass Customer
,Financial Services,High Net Worth
Actuary,Financial Services,Mass Customer
,Telecommunications,Affluent Customer
Systems Administrator III,Financial Services,Mass Customer
Graphic Designer,Property,Affluent Customer
Structural Analysis Engineer,Health,High Net Worth
Automation Specialist II,Manufacturing,Mass Customer
Staff Scientist,Argiculture,Mass Customer
Senior Developer,Retail,Mass Customer
Structural Engineer,Property,Mass Customer
Nurse Practicioner,n/a,Affluent Customer
Project Manager,Health,High Net Worth
Help Desk Operator,Entertainment,Affluent Customer
Programmer Analyst II,Health,Affluent Customer
Safety Technician I,Property,Mass Customer
Associate Professor,Manufacturing,Mass Customer
Legal Assistant,Health,High Net Worth
Data Coordiator,Retail,High Net Worth
Systems Administrator III,Telecommunications,High Net Worth
Engineer III,Manufacturing,Affluent Customer
Desktop Support Technician,Retail,Affluent Customer
Graphic Designer,n/a,Mass Customer
Geologist I,Financial Services,Affluent Customer
Structural Analysis Engineer,n/a,High Net Worth
Director of Sales,Financial Services,High Net Worth
VP Quality Control,n/a,High Net Worth
Software Consultant,n/a,Mass Customer
Biostatistician IV,Argiculture,Mass Customer
VP Marketing,Manufacturing,Affluent Customer
Help Desk Operator,Entertainment,High Net Worth
,Manufacturing,Affluent Customer
Senior Quality Engineer,n/a,Mass Customer
Research Nurse,Health,High Net Worth
Structural Engineer,Health,High Net Worth
Community Outreach Specialist,IT,High Net Worth
Paralegal,Financial Services,High Net Worth
Statistician II,Property,Affluent Customer
GIS Technical Architect,Telecommunications,Mass Customer
Systems Administrator III,Manufacturing,Affluent Customer
GIS Technical Architect,n/a,Affluent Customer
Business Systems Development Analyst,Telecommunications,Mass Customer
Analyst Programmer,IT,Mass Customer
,Argiculture,High Net Worth
Staff Scientist,Manufacturing,Mass Customer
Executive Secretary,Financial Services,Mass Customer
Tax Accountant,IT,Affluent Customer
Help Desk Technician,Argiculture,Mass Customer
Software Engineer III,IT,High Net Worth
VP Product Management,Manufacturing,High Net Worth
Structural Analysis Engineer,Entertainment,Mass Customer
Assistant Professor,IT,High Net Worth
Automation Specialist I,Manufacturing,Affluent Customer
Recruiting Manager,Financial Services,High Net Worth
Account Representative IV,Manufacturing,Affluent Customer
Electrical Engineer,Manufacturing,Affluent Customer
Senior Cost Accountant,Financial Services,Mass Customer
Developer III,Financial Services,Affluent Customer
Human Resources Assistant I,Property,Affluent Customer
Software Test Engineer I,Property,High Net Worth
Internal Auditor,Retail,Mass Customer
GIS Technical Architect,Financial Services,Affluent Customer
Internal Auditor,Financial Services,Mass Customer
Geologist IV,Entertainment,Affluent Customer
Media Manager II,Financial Services,High Net Worth
Chief Design Engineer,n/a,Affluent Customer
Programmer IV,Argiculture,Mass Customer
Sales Representative,Retail,Affluent Customer
Programmer IV,Manufacturing,Mass Customer
Statistician III,Manufacturing,High Net Worth
Technical Writer,Manufacturing,Affluent Customer
Help Desk Operator,Property,Mass Customer
Senior Editor,Retail,Mass Customer
Environmental Tech,Argiculture,Mass Customer
Speech Pathologist,Property,Affluent Customer
Environmental Tech,Financial Services,Mass Customer
Electrical Engineer,Manufacturing,Mass Customer
Engineer II,Financial Services,Affluent Customer
VP Sales,Manufacturing,High Net Worth
Budget/Accounting Analyst III,Financial Services,Affluent Customer
Recruiting Manager,Retail,Affluent Customer
Environmental Specialist,n/a,High Net Worth
Teacher,Manufacturing,Mass Customer
Dental Hygienist,Health,Affluent Customer
Health Coach II,Retail,Mass Customer
Project Manager,Property,Mass Customer
Developer II,Financial Services,Affluent Customer
Tax Accountant,IT,Mass Customer
Associate Professor,Financial Services,Mass Customer
Help Desk Operator,IT,High Net Worth
Chief Design Engineer,Property,Mass Customer
Database Administrator IV,Retail,Mass Customer
VP Quality Control,Financial Services,Affluent Customer
Help Desk Operator,Health,High Net Worth
Nurse,Retail,Mass Customer
VP Quality Control,Financial Services,Mass Customer
Operator,Retail,Affluent Customer
Recruiter,Manufacturing,Mass Customer
Senior Cost Accountant,Financial Services,High Net Worth
Community Outreach Specialist,Financial Services,Affluent Customer
Database Administrator III,Retail,Mass Customer
Systems Administrator I,n/a,Mass Customer
Recruiting Manager,Manufacturing,Affluent Customer
Structural Engineer,Entertainment,High Net Worth
Account Coordinator,Retail,Affluent Customer
Structural Engineer,Manufacturing,High Net Worth
Project Manager,Health,Mass Customer
Information Systems Manager,Health,Mass Customer
Sales Associate,Health,Mass Customer
Human Resources Manager,Retail,Mass Customer
Structural Engineer,Financial Services,High Net Worth
Senior Sales Associate,Argiculture,Affluent Customer
Graphic Designer,Health,Mass Customer
Junior Executive,Property,Mass Customer
Payment Adjustment Coordinator,Retail,High Net Worth
Social Worker,Health,Affluent Customer
Tax Accountant,n/a,Mass Customer
Marketing Assistant,n/a,Mass Customer
Accounting Assistant II,IT,Mass Customer
Operator,Retail,High Net Worth
Systems Administrator I,Financial Services,High Net Worth
VP Sales,Manufacturing,Mass Customer
Analog Circuit Design manager,IT,Mass Customer
VP Product Management,Financial Services,Mass Customer
General Manager,n/a,Mass Customer
VP Accounting,Financial Services,High Net Worth
Recruiter,Retail,Mass Customer
Web Developer I,n/a,High Net Worth
Software Engineer II,Health,Mass Customer
Computer Systems Analyst IV,Financial Services,Mass Customer
Staff Scientist,IT,Affluent Customer
Tax Accountant,Manufacturing,Affluent Customer
Chief Design Engineer,Manufacturing,Mass Customer
Assistant Professor,Health,Mass Customer
Business Systems Development Analyst,Entertainment,Affluent Customer
Structural Analysis Engineer,n/a,Mass Customer
Office Assistant II,n/a,Mass Customer
VP Marketing,Financial Services,Mass Customer
Nurse,Argiculture,Mass Customer
Senior Quality Engineer,Retail,High Net Worth
Office Assistant II,n/a,High Net Worth
Marketing Assistant,Financial Services,Affluent Customer
Help Desk Operator,IT,Affluent Customer
Dental Hygienist,Health,Mass Customer
Accounting Assistant I,Retail,High Net Worth
Computer Systems Analyst II,Health,Mass Customer
Help Desk Technician,Financial Services,Mass Customer
Help Desk Technician,Manufacturing,Mass Customer
GIS Technical Architect,Health,Mass Customer
Analyst Programmer,Property,High Net Worth
Human Resources Assistant I,Property,Mass Customer
Director of Sales,Property,Mass Customer
Speech Pathologist,Property,Mass Customer
Systems Administrator III,n/a,High Net Worth
Health Coach II,Property,High Net Worth
Research Assistant II,Manufacturing,Mass Customer
Assistant Media Planner,Entertainment,High Net Worth
Geological Engineer,Manufacturing,Mass Customer
Chemical Engineer,Manufacturing,High Net Worth
Statistician III,Property,Affluent Customer
Computer Systems Analyst I,Health,Affluent Customer
General Manager,Health,Mass Customer
Nurse,n/a,High Net Worth
Speech Pathologist,Manufacturing,Mass Customer
Programmer Analyst IV,n/a,Mass Customer
Systems Administrator II,n/a,Mass Customer
Health Coach I,Health,High Net Worth
Accounting Assistant I,Manufacturing,Affluent Customer
Automation Specialist IV,Property,Mass Customer
Administrative Officer,Health,Affluent Customer
Analyst Programmer,n/a,High Net Worth
Human Resources Manager,Manufacturing,Affluent Customer
Accountant II,Financial Services,Mass Customer
Legal Assistant,Financial Services,Mass Customer
Assistant Manager,Health,Mass Customer
Tax Accountant,Health,Affluent Customer
Staff Scientist,Financial Services,High Net Worth
Graphic Designer,Financial Services,Affluent Customer
General Manager,Manufacturing,Affluent Customer
Automation Specialist III,Manufacturing,High Net Worth
Safety Technician II,Manufacturing,Affluent Customer
Sales Associate,IT,High Net Worth
VP Sales,Property,Affluent Customer
Human Resources Assistant I,n/a,Mass Customer
Payment Adjustment Coordinator,Manufacturing,High Net Worth
Research Associate,n/a,Mass Customer
Business Systems Development Analyst,Retail,Affluent Customer
Analog Circuit Design manager,Retail,High Net Worth
VP Sales,Health,Mass Customer
Developer II,n/a,Mass Customer
Administrative Assistant I,Financial Services,Mass Customer
Senior Editor,n/a,High Net Worth
Accounting Assistant II,IT,High Net Worth
VP Product Management,Manufacturing,Mass Customer
Health Coach IV,Health,Affluent Customer
Desktop Support Technician,Financial Services,Mass Customer
Senior Developer,IT,Mass Customer
GIS Technical Architect,Argiculture,High Net Worth
Executive Secretary,Retail,High Net Worth
Junior Executive,Health,High Net Worth
Senior Developer,Entertainment,High Net Worth
Assistant Professor,n/a,Affluent Customer
Database Administrator IV,Property,Mass Customer
Media Manager III,Health,Mass Customer
Engineer II,Health,High Net Worth
Programmer Analyst II,n/a,Affluent Customer
Environmental Specialist,Entertainment,Mass Customer
Human Resources Manager,Manufacturing,High Net Worth
Account Representative IV,IT,Affluent Customer
Help Desk Technician,n/a,Mass Customer
Quality Engineer,Retail,High Net Worth
Media Manager IV,Financial Services,High Net Worth
Executive Secretary,n/a,Mass Customer
Safety Technician II,IT,Mass Customer
Accountant III,Financial Services,Mass Customer
Engineer I,Manufacturing,Mass Customer
Administrative Officer,Retail,Mass Customer
Account Representative III,n/a,Affluent Customer
Marketing Manager,IT,Mass Customer
Analog Circuit Design manager,Financial Services,Mass Customer
Design Engineer,Health,High Net Worth
Analog Circuit Design manager,Health,Affluent Customer
Web Designer IV,n/a,Mass Customer
Assistant Manager,Financial Services,Mass Customer
Help Desk Operator,n/a,High Net Worth
Systems Administrator III,n/a,Mass Customer
Graphic Designer,Manufacturing,Affluent Customer
Business Systems Development Analyst,n/a,Affluent Customer
VP Marketing,Financial Services,High Net Worth
Environmental Specialist,Argiculture,Mass Customer
Analyst Programmer,Retail,Affluent Customer
Business Systems Development Analyst,Financial Services,Affluent Customer
Speech Pathologist,Financial Services,High Net Worth
Food Chemist,Health,Affluent Customer
Computer Systems Analyst IV,Manufacturing,Mass Customer
Assistant Professor,n/a,Mass Customer
Media Manager II,Health,Affluent Customer
Environmental Specialist,n/a,Mass Customer
Computer Systems Analyst IV,Manufacturing,Affluent Customer
Budget/Accounting Analyst II,Manufacturing,High Net Worth
Web Developer IV,Argiculture,Affluent Customer
Software Consultant,IT,High Net Worth
Community Outreach Specialist,Entertainment,Mass Customer
Operator,Manufacturing,High Net Worth
Accounting Assistant IV,Manufacturing,Affluent Customer
Assistant Professor,Manufacturing,High Net Worth
Staff Accountant III,Health,High Net Worth
Professor,Financial Services,Mass Customer
Legal Assistant,Manufacturing,Mass Customer
Information Systems Manager,Retail,Affluent Customer
Accounting Assistant III,IT,High Net Worth
Assistant Professor,Manufacturing,Mass Customer
Geological Engineer,Manufacturing,Affluent Customer
Professor,Manufacturing,Mass Customer
Structural Engineer,n/a,High Net Worth
Environmental Tech,Financial Services,High Net Worth
Programmer I,IT,Mass Customer
Account Coordinator,Manufacturing,Mass Customer
Geologist IV,n/a,Affluent Customer
Nuclear Power Engineer,Manufacturing,High Net Worth
Technical Writer,n/a,High Net Worth
Safety Technician I,n/a,Affluent Customer
Biostatistician III,Health,Mass Customer
Software Test Engineer IV,Health,Mass Customer
Nurse Practicioner,n/a,Mass Customer
Account Representative III,Health,Mass Customer
Analog Circuit Design manager,Manufacturing,Mass Customer
Product Engineer,Manufacturing,Mass Customer
Associate Professor,Manufacturing,Affluent Customer
Sales Associate,Health,High Net Worth
Internal Auditor,Manufacturing,Affluent Customer
Computer Systems Analyst IV,n/a,Affluent Customer
Recruiting Manager,Financial Services,Mass Customer
,Health,Affluent Customer
VP Quality Control,Manufacturing,Affluent Customer
Research Assistant IV,Retail,Mass Customer
Safety Technician II,n/a,High Net Worth
Internal Auditor,n/a,Mass Customer
Structural Analysis Engineer,IT,Mass Customer
Marketing Manager,Manufacturing,Affluent Customer
Compensation Analyst,Financial Services,High Net Worth
Developer II,Manufacturing,Affluent Customer
Nurse Practicioner,Financial Services,High Net Worth
Geologist I,Manufacturing,Affluent Customer
Librarian,Entertainment,Mass Customer
Project Manager,n/a,Affluent Customer
Media Manager I,Retail,Mass Customer
Marketing Manager,n/a,Affluent Customer
General Manager,Retail,High Net Worth
Quality Engineer,Financial Services,Mass Customer
General Manager,n/a,High Net Worth
Internal Auditor,Financial Services,High Net Worth
Senior Financial Analyst,Financial Services,High Net Worth
Information Systems Manager,Argiculture,High Net Worth
Desktop Support Technician,Telecommunications,Mass Customer
Associate Professor,n/a,Affluent Customer
VP Marketing,n/a,Mass Customer
Account Representative I,Financial Services,High Net Worth
Structural Engineer,IT,Mass Customer
Occupational Therapist,Health,Affluent Customer
Physical Therapy Assistant,IT,High Net Worth
Internal Auditor,n/a,High Net Worth
Information Systems Manager,n/a,High Net Worth
Recruiter,IT,Mass Customer
Web Designer IV,Property,Mass Customer
Statistician IV,Financial Services,Mass Customer
Accounting Assistant III,Health,Mass Customer
Accountant IV,Manufacturing,Mass Customer
Office Assistant II,IT,Mass Customer
Geologist I,IT,Mass Customer
Desktop Support Technician,Financial Services,High Net Worth
VP Sales,n/a,Mass Customer
General Manager,Financial Services,Affluent Customer
Business Systems Development Analyst,Health,Affluent Customer
Staff Scientist,Retail,Mass Customer
Database Administrator II,n/a,High Net Worth
Sales Associate,Property,High Net Worth
Operator,n/a,High Net Worth
Biostatistician I,Financial Services,Mass Customer
Structural Analysis Engineer,Property,Affluent Customer
Chemical Engineer,Manufacturing,Affluent Customer
Budget/Accounting Analyst IV,Entertainment,Mass Customer
Recruiter,n/a,Affluent Customer
Operator,Financial Services,Mass Customer
Computer Systems Analyst II,n/a,Affluent Customer
Accountant IV,Manufacturing,Affluent Customer
Professor,Telecommunications,Affluent Customer
Database Administrator III,Financial Services,Mass Customer
Executive Secretary,Retail,Mass Customer
Design Engineer,Manufacturing,Affluent Customer
Help Desk Operator,Retail,Mass Customer
Human Resources Manager,Manufacturing,Mass Customer
Speech Pathologist,Health,High Net Worth
Human Resources Assistant IV,Manufacturing,Affluent Customer
Technical Writer,Retail,Mass Customer
Administrative Officer,Manufacturing,Mass Customer
Recruiting Manager,Financial Services,Affluent Customer
Director of Sales,Financial Services,Mass Customer
Legal Assistant,Property,Affluent Customer
Human Resources Manager,n/a,High Net Worth
Research Associate,Manufacturing,High Net Worth
Recruiting Manager,n/a,Affluent Customer
Recruiter,IT,High Net Worth
VP Quality Control,Manufacturing,Mass Customer
Biostatistician IV,Health,High Net Worth
Staff Scientist,n/a,Affluent Customer
Budget/Accounting Analyst I,n/a,High Net Worth
Assistant Professor,Financial Services,High Net Worth
Structural Engineer,Retail,High Net Worth
Speech Pathologist,Retail,High Net Worth
Accountant IV,IT,High Net Worth
Health Coach IV,Health,High Net Worth
Geologist I,Manufacturing,High Net Worth
Data Coordiator,Health,High Net Worth
Administrative Assistant IV,n/a,Mass Customer
Automation Specialist IV,IT,Mass Customer
Staff Accountant III,n/a,High Net Worth
Nurse Practicioner,n/a,High Net Worth
Budget/Accounting Analyst I,Manufacturing,High Net Worth
Geologist III,Health,High Net Worth
Programmer I,Manufacturing,Affluent Customer
Help Desk Operator,Retail,High Net Worth
Office Assistant I,Manufacturing,Mass Customer
Director of Sales,Manufacturing,High Net Worth
Project Manager,Financial Services,Mass Customer
Account Coordinator,Argiculture,High Net Worth
Assistant Manager,IT,Mass Customer
Teacher,Telecommunications,Mass Customer
Speech Pathologist,Manufacturing,Affluent Customer
Business Systems Development Analyst,n/a,Mass Customer
Business Systems Development Analyst,IT,High Net Worth
Design Engineer,IT,High Net Worth
Quality Control Specialist,Telecommunications,Affluent Customer
Teacher,n/a,Mass Customer
Nurse,Financial Services,Affluent Customer
Software Test Engineer III,n/a,High Net Worth
Physical Therapy Assistant,Retail,High Net Worth
Senior Developer,Property,Mass Customer
Web Developer I,Health,Mass Customer
Legal Assistant,IT,Mass Customer
Help Desk Operator,Manufacturing,Mass Customer
Human Resources Assistant II,Manufacturing,Mass Customer
Mechanical Systems Engineer,Retail,High Net Worth
Assistant Manager,Financial Services,Affluent Customer
Quality Engineer,IT,Mass Customer
Statistician I,Financial Services,Affluent Customer
Project Manager,n/a,High Net Worth
Paralegal,Financial Services,Mass Customer
Human Resources Assistant II,Financial Services,Mass Customer
Food Chemist,Health,High Net Worth
,Property,Affluent Customer
Sales Associate,Financial Services,Mass Customer
Budget/Accounting Analyst II,n/a,Affluent Customer
VP Accounting,Financial Services,Affluent Customer
Software Consultant,Property,Mass Customer
Software Consultant,Telecommunications,Mass Customer
Help Desk Technician,Property,High Net Worth
Junior Executive,Financial Services,High Net Worth
Data Coordiator,Manufacturing,Mass Customer
Software Test Engineer IV,Manufacturing,Affluent Customer
Research Assistant IV,Retail,Affluent Customer
Account Representative III,Entertainment,High Net Worth
Associate Professor,Argiculture,Affluent Customer
Speech Pathologist,Financial Services,Mass Customer
Actuary,Financial Services,Affluent Customer
Recruiter,Telecommunications,High Net Worth
Engineer IV,Financial Services,Mass Customer
Web Designer I,Telecommunications,Mass Customer
Account Representative IV,n/a,Mass Customer
Accounting Assistant IV,n/a,High Net Worth
,Telecommunications,Mass Customer
Executive Secretary,Manufacturing,Mass Customer
Nurse Practicioner,Manufacturing,Mass Customer
Accounting Assistant I,Retail,Affluent Customer
Internal Auditor,Health,Mass Customer
Statistician IV,Property,Mass Customer
Design Engineer,n/a,High Net Worth
Product Engineer,Property,Affluent Customer
Computer Systems Analyst II,Telecommunications,Affluent Customer
VP Quality Control,Retail,Mass Customer
Software Test Engineer I,Health,High Net Worth
Engineer II,Financial Services,Mass Customer
Administrative Assistant IV,Financial Services,Mass Customer
Senior Editor,n/a,Mass Customer
Programmer III,Retail,Mass Customer
Software Consultant,Retail,Mass Customer
Web Developer II,Entertainment,High Net Worth
Information Systems Manager,Retail,High Net Worth
Director of Sales,n/a,High Net Worth
Recruiter,Property,Mass Customer
Structural Engineer,Retail,Mass Customer
Account Coordinator,n/a,High Net Worth
Quality Engineer,n/a,Affluent Customer
,Entertainment,Mass Customer
Web Developer IV,Retail,Affluent Customer
Health Coach III,Health,Affluent Customer
Software Test Engineer III,IT,Affluent Customer
Physical Therapy Assistant,Financial Services,Mass Customer
VP Marketing,Entertainment,Mass Customer
Sales Associate,n/a,Mass Customer
Administrative Assistant IV,Financial Services,Affluent Customer
Software Engineer IV,Financial Services,Mass Customer
Executive Secretary,Property,High Net Worth
Statistician I,Retail,Mass Customer
Editor,Manufacturing,Mass Customer
Office Assistant IV,Health,Mass Customer
Environmental Specialist,Health,High Net Worth
Health Coach II,Entertainment,High Net Worth
Statistician IV,Financial Services,High Net Worth
Developer III,n/a,Affluent Customer
Information Systems Manager,Financial Services,Mass Customer
VP Product Management,Argiculture,High Net Worth
Business Systems Development Analyst,Financial Services,Mass Customer
VP Marketing,Property,Mass Customer
Marketing Assistant,Argiculture,Mass Customer
Speech Pathologist,IT,Affluent Customer
Administrative Assistant IV,Financial Services,High Net Worth
Quality Control Specialist,Health,Affluent Customer
Software Test Engineer III,Health,Mass Customer
Assistant Professor,IT,Mass Customer
Human Resources Manager,n/a,Affluent Customer
Recruiter,n/a,Mass Customer
Statistician IV,Retail,High Net Worth
Executive Secretary,IT,Mass Customer
Human Resources Manager,n/a,Mass Customer
Software Engineer IV,n/a,Affluent Customer
Account Representative I,Financial Services,Affluent Customer
Tax Accountant,Argiculture,Mass Customer
Data Coordiator,IT,Mass Customer
Media Manager II,n/a,Affluent Customer
VP Product Management,n/a,Mass Customer
Help Desk Operator,Manufacturing,Affluent Customer
Statistician IV,n/a,Affluent Customer
Geologist I,Health,High Net Worth
Assistant Professor,Financial Services,Affluent Customer
Director of Sales,n/a,Mass Customer
Safety Technician I,Retail,High Net Worth
Junior Executive,Telecommunications,Affluent Customer
VP Marketing,Telecommunications,Mass Customer
Technical Writer,Health,Affluent Customer
Senior Developer,Manufacturing,Affluent Customer
Business Systems Development Analyst,Manufacturing,Affluent Customer
Engineer IV,Health,Mass Customer
Budget/Accounting Analyst IV,Financial Services,Mass Customer
Senior Developer,Property,High Net Worth
Programmer II,IT,Mass Customer
Accounting Assistant II,n/a,High Net Worth
Software Test Engineer I,Telecommunications,Affluent Customer
Editor,n/a,High Net Worth
VP Product Management,Health,High Net Worth
Account Executive,Property,Mass Customer
Senior Sales Associate,Manufacturing,Mass Customer
Director of Sales,Health,Mass Customer
Software Engineer I,IT,Affluent Customer
GIS Technical Architect,Manufacturing,Affluent Customer
Help Desk Operator,Property,Affluent Customer
Geologist I,n/a,Mass Customer
Web Designer IV,Financial Services,High Net Worth
Graphic Designer,n/a,Affluent Customer
Sales Associate,Manufacturing,Mass Customer
Human Resources Assistant III,Property,High Net Worth
Research Assistant II,Retail,Mass Customer
Product Engineer,Manufacturing,Affluent Customer
Geologist I,Entertainment,Affluent Customer
General Manager,n/a,Affluent Customer
Desktop Support Technician,Property,Mass Customer
Research Assistant I,Manufacturing,Mass Customer
Graphic Designer,Retail,Mass Customer
Assistant Professor,Property,Affluent Customer
Assistant Professor,Financial Services,Mass Customer
Tax Accountant,Property,Mass Customer
Nurse,Manufacturing,Affluent Customer
Biostatistician I,Property,Mass Customer
Safety Technician IV,Entertainment,Affluent Customer
Accounting Assistant II,Telecommunications,Mass Customer
Mechanical Systems Engineer,Manufacturing,Mass Customer
Staff Accountant I,Financial Services,Mass Customer
Marketing Assistant,Manufacturing,High Net Worth
Administrative Assistant III,Manufacturing,Affluent Customer
Programmer Analyst III,Entertainment,Affluent Customer
Junior Executive,Entertainment,Affluent Customer
Office Assistant III,Manufacturing,Mass Customer
Senior Quality Engineer,Manufacturing,High Net Worth
Systems Administrator I,Financial Services,Mass Customer
Quality Engineer,Health,Mass Customer
Media Manager IV,n/a,Affluent Customer
Physical Therapy Assistant,Financial Services,Affluent Customer
Structural Analysis Engineer,Health,Mass Customer
Biostatistician I,Financial Services,Affluent Customer
Administrative Assistant III,n/a,High Net Worth
Executive Secretary,Financial Services,High Net Worth
Analyst Programmer,Property,Mass Customer
Recruiter,Retail,High Net Worth
General Manager,Retail,Mass Customer
Senior Developer,Financial Services,Mass Customer
Editor,Argiculture,Affluent Customer
Data Coordiator,Financial Services,Mass Customer
Account Executive,n/a,High Net Worth
Web Designer III,Manufacturing,Mass Customer
Biostatistician III,Health,Affluent Customer
Director of Sales,Property,Affluent Customer
Budget/Accounting Analyst IV,IT,Mass Customer
Database Administrator IV,n/a,Mass Customer
Technical Writer,n/a,Affluent Customer
Tax Accountant,Telecommunications,High Net Worth
Technical Writer,n/a,Mass Customer
Physical Therapy Assistant,n/a,Mass Customer
Structural Engineer,Health,Mass Customer
Product Engineer,n/a,High Net Worth
Editor,IT,High Net Worth
Statistician I,n/a,High Net Worth
Administrative Assistant IV,Telecommunications,Mass Customer
VP Sales,n/a,High Net Worth
Office Assistant IV,IT,High Net Worth
Analyst Programmer,Financial Services,Affluent Customer
VP Quality Control,Property,Mass Customer
Account Representative I,n/a,High Net Worth
Help Desk Technician,Retail,Mass Customer
Professor,Manufacturing,Affluent Customer
Account Executive,Manufacturing,Affluent Customer
Research Associate,Health,Mass Customer
Computer Systems Analyst IV,Retail,Affluent Customer
Computer Systems Analyst IV,Property,Mass Customer
Design Engineer,Retail,Mass Customer
Computer Systems Analyst III,Manufacturing,Affluent Customer
Analog Circuit Design manager,Financial Services,Affluent Customer
Environmental Tech,Health,Mass Customer
Mechanical Systems Engineer,Retail,Mass Customer
Engineer IV,Manufacturing,Affluent Customer
Data Coordiator,Manufacturing,High Net Worth
Software Consultant,IT,Affluent Customer
Human Resources Manager,Financial Services,Mass Customer
Assistant Professor,Telecommunications,Mass Customer
Geologist II,Retail,Mass Customer
Structural Analysis Engineer,Manufacturing,Mass Customer
Assistant Manager,n/a,High Net Worth
Senior Sales Associate,IT,Affluent Customer
Senior Editor,Property,Mass Customer
Environmental Specialist,Financial Services,High Net Worth
Biostatistician I,Manufacturing,Mass Customer
Tax Accountant,Argiculture,High Net Worth
Account Coordinator,IT,Mass Customer
Statistician I,Property,High Net Worth
Software Engineer II,Telecommunications,Affluent Customer
GIS Technical Architect,Retail,Mass Customer
Human Resources Manager,Financial Services,High Net Worth
Payment Adjustment Coordinator,Health,Mass Customer
Web Designer II,IT,Affluent Customer
Staff Accountant IV,n/a,High Net Worth
Statistician I,Manufacturing,Affluent Customer
Junior Executive,Argiculture,Mass Customer
Safety Technician III,Retail,Mass Customer
Computer Systems Analyst I,Health,High Net Worth
Physical Therapy Assistant,Argiculture,Mass Customer
Software Engineer I,Property,Affluent Customer
Health Coach II,Property,Mass Customer
Speech Pathologist,n/a,Affluent Customer
Account Representative IV,Telecommunications,Affluent Customer
Information Systems Manager,Financial Services,High Net Worth
Chief Design Engineer,Property,High Net Worth
Office Assistant II,n/a,Affluent Customer
Mechanical Systems Engineer,Financial Services,Mass Customer
Environmental Specialist,Financial Services,Mass Customer
Structural Analysis Engineer,n/a,Affluent Customer
VP Quality Control,Financial Services,High Net Worth
Legal Assistant,n/a,High Net Worth
Senior Quality Engineer,Telecommunications,Mass Customer
Web Designer IV,n/a,Affluent Customer
Assistant Manager,n/a,Mass Customer
Teacher,Health,Mass Customer
Senior Sales Associate,Health,Mass Customer
Engineer II,Argiculture,High Net Worth
Physical Therapy Assistant,Health,High Net Worth
Human Resources Manager,IT,Affluent Customer
Nurse,n/a,Affluent Customer
Design Engineer,Financial Services,Affluent Customer
Media Manager III,n/a,Affluent Customer
Data Coordiator,Property,Affluent Customer
Computer Systems Analyst I,IT,High Net Worth
Teacher,n/a,High Net Worth
Professor,n/a,Mass Customer
VP Sales,IT,Affluent Customer
Operator,IT,Affluent Customer
Safety Technician IV,Property,Affluent Customer
Administrative Assistant IV,Telecommunications,High Net Worth
Product Engineer,Financial Services,Mass Customer
Database Administrator III,Financial Services,High Net Worth
Media Manager III,Financial Services,High Net Worth
Administrative Assistant III,Financial Services,Mass Customer
Human Resources Assistant I,Manufacturing,Mass Customer
Software Consultant,Financial Services,Affluent Customer
Account Executive,n/a,Mass Customer
Mechanical Systems Engineer,Property,Mass Customer
Structural Engineer,Argiculture,Mass Customer
Database Administrator III,n/a,High Net Worth
Associate Professor,Health,Mass Customer
Account Coordinator,n/a,Mass Customer
Programmer Analyst II,IT,Mass Customer
Computer Systems Analyst I,Entertainment,Affluent Customer
Research Associate,Entertainment,Mass Customer
Administrative Assistant IV,Retail,High Net Worth
Assistant Manager,Retail,Affluent Customer
Tax Accountant,Health,High Net Worth
Web Developer III,Manufacturing,Mass Customer
Account Representative IV,Property,Mass Customer
Geologist III,Retail,Mass Customer
Executive Secretary,Argiculture,Mass Customer
Staff Accountant III,Entertainment,Mass Customer
Web Designer I,Property,Mass Customer
Database Administrator I,n/a,Affluent Customer
Automation Specialist I,Manufacturing,High Net Worth
Associate Professor,Retail,High Net Worth
Recruiter,Argiculture,Mass Customer
Office Assistant III,Property,Mass Customer
Geologist IV,IT,Mass Customer
Physical Therapy Assistant,Manufacturing,High Net Worth
Software Test Engineer III,Entertainment,Affluent Customer
Administrative Officer,IT,High Net Worth
Software Test Engineer III,n/a,Mass Customer
Human Resources Manager,Property,Mass Customer
Nurse Practicioner,Retail,Affluent Customer
Safety Technician III,n/a,Mass Customer
Desktop Support Technician,Manufacturing,Affluent Customer
Environmental Specialist,n/a,Affluent Customer
Marketing Assistant,Retail,Mass Customer
Software Engineer III,n/a,Mass Customer
Professor,Property,Mass Customer
Developer IV,Health,High Net Worth
Community Outreach Specialist,Financial Services,High Net Worth
Media Manager II,Retail,High Net Worth
Senior Developer,n/a,Mass Customer
Staff Accountant III,n/a,Mass Customer
Senior Quality Engineer,n/a,High Net Worth
Software Test Engineer III,Entertainment,High Net Worth
Information Systems Manager,Property,Mass Customer
Speech Pathologist,Financial Services,Affluent Customer
Mechanical Systems Engineer,Property,High Net Worth
Director of Sales,Manufacturing,Affluent Customer
Safety Technician IV,Financial Services,Mass Customer
Statistician II,Manufacturing,High Net Worth
Accountant I,n/a,High Net Worth
Systems Administrator II,Manufacturing,Affluent Customer
Research Associate,n/a,Affluent Customer
Tax Accountant,n/a,High Net Worth
Professor,IT,High Net Worth
Chief Design Engineer,Financial Services,Mass Customer
Computer Systems Analyst III,Financial Services,Mass Customer
Software Consultant,Property,High Net Worth
Internal Auditor,Retail,Affluent Customer
Administrative Assistant IV,Health,Affluent Customer
Quality Engineer,Telecommunications,Mass Customer
Recruiting Manager,n/a,Mass Customer
Web Designer II,Retail,Mass Customer
Design Engineer,IT,Affluent Customer
Professor,Financial Services,Affluent Customer
Civil Engineer,Manufacturing,High Net Worth
Engineer I,Manufacturing,Affluent Customer
Editor,Health,Affluent Customer
Programmer II,Health,Mass Customer
Structural Engineer,Manufacturing,Affluent Customer
Budget/Accounting Analyst I,IT,Mass Customer
Environmental Tech,Manufacturing,Mass Customer
Budget/Accounting Analyst III,IT,Mass Customer
Account Representative IV,Argiculture,Mass Customer
Senior Quality Engineer,Health,Mass Customer
Accountant I,Health,Affluent Customer
Occupational Therapist,Health,Mass Customer
Product Engineer,Telecommunications,Mass Customer
Analyst Programmer,IT,High Net Worth
Marketing Manager,Property,High Net Worth
Teacher,Retail,High Net Worth
Senior Sales Associate,Property,High Net Worth
Web Developer III,Entertainment,Mass Customer
Senior Developer,Telecommunications,Affluent Customer
Staff Accountant II,Financial Services,Mass Customer
Senior Quality Engineer,Financial Services,High Net Worth
Geologist IV,n/a,Mass Customer
Junior Executive,Manufacturing,High Net Worth
Mechanical Systems Engineer,Argiculture,High Net Worth
Health Coach III,Health,High Net Worth
Desktop Support Technician,Argiculture,Mass Customer
Associate Professor,Financial Services,High Net Worth
Community Outreach Specialist,Retail,Mass Customer
Associate Professor,IT,Affluent Customer
Senior Developer,Property,Affluent Customer
Software Consultant,Entertainment,Mass Customer
Research Associate,IT,Mass Customer
General Manager,Financial Services,High Net Worth
Operator,IT,High Net Worth
Research Assistant II,Financial Services,Affluent Customer
,Telecommunications,High Net Worth
Internal Auditor,Entertainment,Mass Customer
Junior Executive,n/a,High Net Worth
Administrative Assistant I,Argiculture,Mass Customer
Biostatistician IV,Financial Services,High Net Worth
Research Assistant II,Health,Mass Customer
Desktop Support Technician,n/a,Mass Customer
Senior Quality Engineer,n/a,Affluent Customer
Software Engineer IV,Manufacturing,Affluent Customer
Programmer I,Manufacturing,High Net Worth
Accountant I,Financial Services,Affluent Customer
Information Systems Manager,Argiculture,Affluent Customer
Data Coordiator,n/a,Affluent Customer
GIS Technical Architect,Manufacturing,Mass Customer
Administrative Assistant III,Argiculture,High Net Worth
Account Representative IV,Financial Services,High Net Worth
Analog Circuit Design manager,Property,Mass Customer
Budget/Accounting Analyst IV,Health,Affluent Customer
Data Coordiator,IT,Affluent Customer
Administrative Officer,Property,Mass Customer
Desktop Support Technician,Manufacturing,High Net Worth
Executive Secretary,Argiculture,High Net Worth
Budget/Accounting Analyst II,Financial Services,Mass Customer
Software Test Engineer IV,IT,Mass Customer
Technical Writer,Manufacturing,Mass Customer
Web Designer IV,Retail,Affluent Customer
Software Test Engineer I,Argiculture,Mass Customer
Graphic Designer,n/a,High Net Worth
Graphic Designer,Entertainment,Mass Customer
Software Engineer II,IT,Affluent Customer
Web Developer IV,Entertainment,High Net Worth
Safety Technician III,Manufacturing,Affluent Customer
Junior Executive,Manufacturing,Affluent Customer
Editor,n/a,Mass Customer
Software Consultant,Manufacturing,High Net Worth
Internal Auditor,Entertainment,High Net Worth
Staff Scientist,Argiculture,High Net Worth
Administrative Assistant III,Argiculture,Affluent Customer
Accountant IV,Financial Services,Mass Customer
Product Engineer,n/a,Mass Customer
Senior Editor,Manufacturing,Affluent Customer
Information Systems Manager,Manufacturing,Mass Customer
Biostatistician II,Manufacturing,High Net Worth
Account Representative II,n/a,Mass Customer
Research Associate,Manufacturing,Affluent Customer
Community Outreach Specialist,n/a,High Net Worth
Associate Professor,Retail,Mass Customer
Senior Sales Associate,Manufacturing,High Net Worth
VP Product Management,Telecommunications,High Net Worth
Office Assistant III,n/a,Mass Customer
Senior Developer,n/a,Affluent Customer
Geologist IV,Financial Services,High Net Worth
Staff Scientist,Retail,High Net Worth
Account Coordinator,Health,Affluent Customer
Account Representative I,Manufacturing,High Net Worth
Quality Control Specialist,n/a,Affluent Customer
Software Consultant,Health,High Net Worth
Nurse,IT,Affluent Customer
Director of Sales,IT,Affluent Customer
Quality Control Specialist,Retail,Affluent Customer
Analyst Programmer,Financial Services,Mass Customer
Marketing Manager,Retail,Mass Customer
Administrative Officer,n/a,Mass Customer
Developer III,Manufacturing,Affluent Customer
Safety Technician II,Financial Services,Affluent Customer
Budget/Accounting Analyst I,Argiculture,Affluent Customer
Technical Writer,IT,High Net Worth
Help Desk Technician,Manufacturing,Affluent Customer
Help Desk Technician,Financial Services,High Net Worth
Research Assistant II,Argiculture,Affluent Customer
Systems Administrator I,Property,High Net Worth
Director of Sales,Manufacturing,Mass Customer
Account Coordinator,Manufacturing,High Net Worth
Computer Systems Analyst II,Retail,High Net Worth
Staff Accountant II,IT,Affluent Customer
VP Product Management,Argiculture,Mass Customer
Speech Pathologist,n/a,High Net Worth
Health Coach IV,Health,Mass Customer
Software Test Engineer I,Manufacturing,Affluent Customer
Speech Pathologist,Manufacturing,High Net Worth
Senior Developer,Health,Affluent Customer
Budget/Accounting Analyst IV,n/a,Affluent Customer
Senior Sales Associate,n/a,Mass Customer
Safety Technician I,n/a,Mass Customer
Programmer Analyst II,Financial Services,High Net Worth
Programmer III,Argiculture,High Net Worth
Software Test Engineer II,n/a,High Net Worth
Geologist II,Telecommunications,Affluent Customer
Web Developer II,Manufacturing,Affluent Customer
Health Coach II,Manufacturing,Mass Customer
VP Sales,Manufacturing,Affluent Customer
Human Resources Assistant I,Health,Affluent Customer
Accountant IV,Property,Affluent Customer
Software Engineer II,n/a,Mass Customer
Biostatistician I,Argiculture,Mass Customer
Mechanical Systems Engineer,Financial Services,Affluent Customer
Web Designer III,Retail,Mass Customer
Teacher,IT,Mass Customer
Desktop Support Technician,Manufacturing,Mass Customer
Product Engineer,Health,Affluent Customer
Statistician III,Manufacturing,Mass Customer
Computer Systems Analyst I,n/a,Mass Customer
Research Associate,Health,Affluent Customer
Graphic Designer,Property,High Net Worth
Web Developer I,Manufacturing,Mass Customer
Automation Specialist II,n/a,Mass Customer
Structural Engineer,Manufacturing,Mass Customer
Media Manager IV,Manufacturing,High Net Worth
Accountant I,Manufacturing,High Net Worth
Programmer I,Manufacturing,Mass Customer
Staff Accountant IV,Health,Affluent Customer
Executive Secretary,Retail,Affluent Customer
Programmer II,Financial Services,Affluent Customer
Senior Developer,Financial Services,Affluent Customer
VP Marketing,Entertainment,High Net Worth
Biostatistician IV,Property,Affluent Customer
Software Test Engineer I,IT,High Net Worth
VP Sales,IT,Mass Customer
VP Quality Control,n/a,Mass Customer
Director of Sales,Retail,Affluent Customer
Nurse,Manufacturing,Mass Customer
Geologist III,n/a,Mass Customer
Quality Control Specialist,Property,Mass Customer
VP Marketing,IT,Mass Customer
Structural Engineer,Financial Services,Mass Customer
Senior Developer,IT,High Net Worth
VP Sales,Retail,Affluent Customer
VP Sales,Financial Services,High Net Worth
Administrative Assistant III,Retail,High Net Worth
Biostatistician IV,Property,High Net Worth
Database Administrator I,Argiculture,High Net Worth
Statistician II,Financial Services,Mass Customer
Junior Executive,Retail,Mass Customer
VP Marketing,Health,Mass Customer
Computer Systems Analyst III,Manufacturing,Mass Customer
Human Resources Assistant IV,n/a,High Net Worth
Senior Editor,Financial Services,Mass Customer
Legal Assistant,Health,Affluent Customer
Administrative Officer,IT,Mass Customer
Safety Technician I,Financial Services,High Net Worth
Office Assistant II,Argiculture,Mass Customer
Safety Technician IV,Manufacturing,High Net Worth
Programmer II,Financial Services,High Net Worth
Biostatistician IV,n/a,Mass Customer
Programmer III,Telecommunications,High Net Worth
Recruiter,Telecommunications,Mass Customer
Marketing Assistant,IT,Mass Customer
Structural Analysis Engineer,Financial Services,Mass Customer
Project Manager,Financial Services,High Net Worth
Biostatistician IV,IT,Affluent Customer
Software Test Engineer IV,Property,Mass Customer
Account Representative II,Health,High Net Worth
Human Resources Assistant III,Manufacturing,High Net Worth
Accounting Assistant I,Financial Services,Mass Customer
Safety Technician III,Argiculture,High Net Worth
Research Associate,Financial Services,Affluent Customer
Developer III,n/a,High Net Worth
Nurse,Financial Services,Mass Customer
Software Engineer II,Manufacturing,Affluent Customer
Product Engineer,Health,Mass Customer
Structural Engineer,Property,High Net Worth
Payment Adjustment Coordinator,n/a,Mass Customer
Office Assistant I,Health,High Net Worth
Graphic Designer,Manufacturing,High Net Worth
Accountant II,IT,Affluent Customer
Help Desk Operator,Telecommunications,High Net Worth
Programmer I,Financial Services,High Net Worth
Biostatistician IV,n/a,Affluent Customer
Business Systems Development Analyst,n/a,High Net Worth
Office Assistant IV,Property,Mass Customer
Engineer IV,n/a,High Net Worth
Professor,n/a,High Net Worth
,Entertainment,Affluent Customer
Database Administrator III,Manufacturing,Mass Customer
Data Coordiator,n/a,Mass Customer
Desktop Support Technician,Retail,Mass Customer
Community Outreach Specialist,Property,Mass Customer
Physical Therapy Assistant,Entertainment,Mass Customer
Recruiter,Health,Mass Customer
Civil Engineer,Manufacturing,Affluent Customer
Nurse,Property,Mass Customer
Information Systems Manager,Health,Affluent Customer
Help Desk Technician,IT,Mass Customer
Web Developer III,Health,Mass Customer
Accountant II,Property,High Net Worth
Chief Design Engineer,n/a,High Net Worth
Account Executive,IT,Mass Customer
Programmer Analyst IV,Manufacturing,Mass Customer
Statistician III,Health,Mass Customer
Human Resources Assistant II,Property,Mass Customer
Budget/Accounting Analyst I,Health,Mass Customer
Safety Technician II,Financial Services,High Net Worth
Staff Accountant II,n/a,Mass Customer
Developer III,n/a,Mass Customer
Media Manager I,Retail,High Net Worth
Programmer Analyst I,Financial Services,Mass Customer
Editor,Property,Affluent Customer
Community Outreach Specialist,n/a,Affluent Customer
Accounting Assistant III,IT,Mass Customer
Structural Engineer,Financial Services,Affluent Customer
Web Designer IV,Manufacturing,Mass Customer
Legal Assistant,n/a,Affluent Customer
Systems Administrator II,Property,High Net Worth
Senior Sales Associate,Health,Affluent Customer
General Manager,Argiculture,Affluent Customer
Professor,Health,Mass Customer
Budget/Accounting Analyst III,Retail,High Net Worth
Biostatistician II,Entertainment,Mass Customer
Systems Administrator I,Property,Affluent Customer
Accounting Assistant II,n/a,Mass Customer
Data Coordiator,Manufacturing,Affluent Customer
Associate Professor,Property,High Net Worth
Software Test Engineer III,Manufacturing,Mass Customer
Marketing Manager,Argiculture,Mass Customer
Database Administrator III,n/a,Mass Customer
Software Engineer I,Manufacturing,Mass Customer
Teacher,IT,High Net Worth
Office Assistant I,Manufacturing,Affluent Customer
Account Executive,Retail,High Net Worth
Administrative Assistant IV,Argiculture,High Net Worth
Account Representative II,Health,Mass Customer
Professor,Argiculture,Mass Customer
Internal Auditor,Manufacturing,Mass Customer
Budget/Accounting Analyst IV,Manufacturing,Mass Customer
Human Resources Assistant II,Financial Services,High Net Worth
Human Resources Assistant II,Health,Mass Customer
Budget/Accounting Analyst I,n/a,Mass Customer
Software Consultant,n/a,High Net Worth
Staff Accountant IV,Telecommunications,High Net Worth
Quality Control Specialist,Health,High Net Worth
Staff Scientist,Manufacturing,High Net Worth
Human Resources Assistant I,Telecommunications,High Net Worth
Geologist IV,Retail,Affluent Customer
Computer Systems Analyst I,Property,High Net Worth
Chief Design Engineer,Financial Services,Affluent Customer
Desktop Support Technician,Retail,High Net Worth
Executive Secretary,n/a,High Net Worth
Computer Systems Analyst IV,Financial Services,Affluent Customer
Tax Accountant,Health,Mass Customer
Automation Specialist I,Manufacturing,Mass Customer
Desktop Support Technician,Property,High Net Worth
Database Administrator IV,Retail,High Net Worth
Programmer Analyst I,Retail,High Net Worth
Computer Systems Analyst II,IT,Affluent Customer
Developer III,Property,High Net Worth
Programmer Analyst II,Health,Mass Customer
Web Designer II,Property,Affluent Customer
Research Assistant IV,Health,Mass Customer
Web Designer II,IT,Mass Customer
Nurse Practicioner,Argiculture,High Net Worth
Systems Administrator I,Retail,Affluent Customer
Programmer Analyst I,n/a,High Net Worth
Executive Secretary,Telecommunications,High Net Worth
Assistant Professor,Retail,Affluent Customer
Statistician II,n/a,Mass Customer
Senior Sales Associate,Retail,High Net Worth
Nurse,Entertainment,Mass Customer
Speech Pathologist,n/a,Mass Customer
Structural Analysis Engineer,Argiculture,Mass Customer
Web Designer I,Health,Mass Customer
Analog Circuit Design manager,IT,High Net Worth
Research Assistant II,Manufacturing,Affluent Customer
Programmer I,Argiculture,Affluent Customer
Accounting Assistant III,Retail,Mass Customer
Operator,Health,High Net Worth
Nurse Practicioner,Health,Mass Customer
Marketing Assistant,Manufacturing,Affluent Customer
GIS Technical Architect,n/a,Mass Customer
Recruiter,Retail,Affluent Customer
Technical Writer,Financial Services,Affluent Customer
Technical Writer,Financial Services,High Net Worth
Environmental Specialist,Manufacturing,High Net Worth
Web Designer II,Manufacturing,Mass Customer
Office Assistant I,Health,Affluent Customer
Software Engineer III,Property,Mass Customer
Physical Therapy Assistant,Property,High Net Worth
Professor,IT,Mass Customer
Senior Developer,n/a,High Net Worth
Help Desk Operator,n/a,Mass Customer
Quality Engineer,n/a,Mass Customer
Engineer II,Manufacturing,Affluent Customer
Associate Professor,Manufacturing,High Net Worth
Tax Accountant,n/a,Affluent Customer
Structural Analysis Engineer,Property,High Net Worth
Structural Engineer,Retail,Affluent Customer
Safety Technician II,Telecommunications,High Net Worth
Senior Sales Associate,Property,Mass Customer
Developer IV,IT,High Net Worth
Media Manager II,Manufacturing,High Net Worth
Quality Engineer,Manufacturing,High Net Worth
Speech Pathologist,Retail,Mass Customer
Software Test Engineer IV,Entertainment,High Net Worth
Product Engineer,Health,High Net Worth
Administrative Assistant I,Entertainment,Mass Customer
Quality Control Specialist,n/a,Mass Customer
Senior Quality Engineer,Property,Mass Customer
Design Engineer,Manufacturing,High Net Worth
Assistant Professor,IT,Affluent Customer
Web Developer II,Manufacturing,Mass Customer
Administrative Assistant IV,Property,Affluent Customer
Software Test Engineer III,Retail,High Net Worth
Account Representative I,Retail,Mass Customer
Budget/Accounting Analyst I,Health,Affluent Customer
Technical Writer,Financial Services,Mass Customer
Structural Analysis Engineer,Property,Mass Customer
Accountant III,Retail,Affluent Customer
Software Test Engineer II,Manufacturing,Mass Customer
Senior Editor,Financial Services,Affluent Customer
Business Systems Development Analyst,Property,Mass Customer
Teacher,Property,High Net Worth
Speech Pathologist,Health,Affluent Customer
Accountant III,Financial Services,Affluent Customer
Software Engineer II,Financial Services,High Net Worth
Accounting Assistant I,Property,Affluent Customer
Web Developer III,n/a,Affluent Customer
Software Engineer III,n/a,High Net Worth
Developer IV,n/a,Mass Customer
Engineer III,Health,Mass Customer
Junior Executive,Health,Affluent Customer
Accountant II,Entertainment,Affluent Customer
Systems Administrator IV,Financial Services,Mass Customer
Internal Auditor,Health,Affluent Customer
Engineer III,Financial Services,Mass Customer
Software Engineer I,n/a,Mass Customer
Business Systems Development Analyst,Financial Services,High Net Worth
Operator,n/a,Mass Customer
Tax Accountant,Retail,High Net Worth
Teacher,Financial Services,Mass Customer
Geologist III,n/a,Affluent Customer
Tax Accountant,Financial Services,Mass Customer
Software Engineer III,Financial Services,Affluent Customer
Nurse,Financial Services,High Net Worth
Account Executive,Retail,Mass Customer
Marketing Manager,Health,High Net Worth
Budget/Accounting Analyst III,Health,Affluent Customer
Tax Accountant,Financial Services,Affluent Customer
Statistician I,Retail,Affluent Customer
Web Designer I,Financial Services,High Net Worth
Media Manager III,Property,Mass Customer
Research Assistant I,Manufacturing,Affluent Customer
Account Coordinator,Property,Affluent Customer
Budget/Accounting Analyst II,Retail,Mass Customer
Engineer IV,Entertainment,High Net Worth
Senior Sales Associate,Retail,Mass Customer
Software Engineer I,Financial Services,Mass Customer
Geologist IV,Entertainment,Mass Customer
Software Test Engineer I,n/a,Mass Customer
Account Representative I,n/a,Affluent Customer
Business Systems Development Analyst,IT,Affluent Customer
Biostatistician II,n/a,Affluent Customer
Tax Accountant,Telecommunications,Mass Customer
Statistician III,n/a,Mass Customer
Professor,Argiculture,High Net Worth
Accountant IV,Property,Mass Customer
Engineer II,n/a,Mass Customer
Project Manager,Telecommunications,Mass Customer
Business Systems Development Analyst,Property,Affluent Customer
Media Manager IV,Retail,Mass Customer
Programmer Analyst III,Manufacturing,Affluent Customer
Accountant III,Manufacturing,High Net Worth
Automation Specialist II,Financial Services,Affluent Customer
Database Administrator III,Property,Mass Customer
Research Associate,Health,High Net Worth
Research Assistant III,Health,High Net Worth
Quality Engineer,Retail,Mass Customer
Statistician II,Manufacturing,Mass Customer
Administrative Officer,Health,High Net Worth
Account Representative IV,Retail,Affluent Customer
Biostatistician II,Health,Affluent Customer
Tax Accountant,Manufacturing,High Net Worth
Statistician II,Retail,Affluent Customer
Systems Administrator I,Entertainment,Mass Customer
Teacher,Telecommunications,Affluent Customer
Account Coordinator,Retail,High Net Worth
Senior Quality Engineer,Property,Affluent Customer
Administrative Officer,Financial Services,Affluent Customer
Administrative Officer,Financial Services,High Net Worth
Help Desk Operator,Health,Mass Customer
Accounting Assistant IV,n/a,Affluent Customer
Mechanical Systems Engineer,Health,High Net Worth
Statistician II,Property,High Net Worth
Software Test Engineer III,n/a,Affluent Customer
Sales Associate,Retail,High Net Worth
Chief Design Engineer,Retail,Mass Customer
Operator,Health,Affluent Customer
Teacher,Property,Mass Customer
VP Quality Control,Manufacturing,High Net Worth
Quality Engineer,Property,Affluent Customer
Safety Technician III,Health,Mass Customer
Accountant III,Health,Mass Customer
Account Representative IV,Retail,High Net Worth
Web Developer I,Financial Services,Mass Customer
Research Assistant III,Financial Services,Mass Customer
Recruiter,Argiculture,High Net Worth
Programmer Analyst II,Manufacturing,Mass Customer
Statistician IV,Retail,Mass Customer
Internal Auditor,Property,Mass Customer
Junior Executive,Property,High Net Worth
Software Test Engineer I,n/a,Affluent Customer
Executive Secretary,Manufacturing,Affluent Customer
Human Resources Assistant III,Property,Affluent Customer
Budget/Accounting Analyst IV,Property,Mass Customer
Budget/Accounting Analyst IV,Manufacturing,Affluent Customer
Computer Systems Analyst II,Manufacturing,High Net Worth
Programmer Analyst I,Health,Mass Customer
Environmental Specialist,Manufacturing,Affluent Customer
Programmer IV,Entertainment,Affluent Customer
Biostatistician I,Property,High Net Worth
Project Manager,IT,High Net Worth
Assistant Professor,Argiculture,High Net Worth
Sales Associate,n/a,High Net Worth
Technical Writer,Retail,High Net Worth
Assistant Professor,Health,Affluent Customer
Senior Sales Associate,Property,Affluent Customer
Associate Professor,Health,Affluent Customer
Analog Circuit Design manager,n/a,Mass Customer
Geologist III,Financial Services,Mass Customer
Operator,Manufacturing,Affluent Customer
Software Test Engineer III,Manufacturing,High Net Worth
Account Representative I,n/a,Mass Customer
Associate Professor,Entertainment,High Net Worth
VP Quality Control,IT,Affluent Customer
Business Systems Development Analyst,IT,Mass Customer
Office Assistant I,n/a,Mass Customer
Account Representative I,IT,Mass Customer
Administrative Officer,Retail,Affluent Customer
Media Manager III,Telecommunications,Mass Customer
Computer Systems Analyst I,Financial Services,Mass Customer
Assistant Manager,Argiculture,Affluent Customer
Safety Technician IV,n/a,Mass Customer
Recruiting Manager,Health,High Net Worth
Quality Control Specialist,Telecommunications,Mass Customer
Health Coach II,Manufacturing,Affluent Customer
Design Engineer,Property,Mass Customer
Safety Technician II,IT,Affluent Customer
Human Resources Assistant III,Retail,High Net Worth
Software Consultant,Financial Services,Mass Customer
Engineer IV,Financial Services,High Net Worth
Programmer IV,Manufacturing,Affluent Customer
Tax Accountant,Retail,Mass Customer
Payment Adjustment Coordinator,Manufacturing,Mass Customer
Media Manager II,n/a,High Net Worth
Accountant II,Manufacturing,Mass Customer
Computer Systems Analyst II,Health,Affluent Customer
Engineer IV,Argiculture,Mass Customer
Web Developer I,Retail,Mass Customer
Human Resources Manager,Property,Affluent Customer
Technical Writer,IT,Mass Customer
Software Engineer II,n/a,High Net Worth
Analog Circuit Design manager,Financial Services,High Net Worth
Operator,Financial Services,Affluent Customer
Recruiter,n/a,High Net Worth
Community Outreach Specialist,Manufacturing,Affluent Customer
Accountant I,IT,High Net Worth
Account Representative III,Property,Mass Customer
General Manager,Manufacturing,High Net Worth
Business Systems Development Analyst,Manufacturing,Mass Customer
Staff Scientist,Health,Mass Customer
Associate Professor,Health,High Net Worth
Physical Therapy Assistant,Retail,Mass Customer
Engineer II,Property,High Net Worth
Legal Assistant,n/a,Mass Customer
Health Coach II,Entertainment,Mass Customer
Accountant IV,n/a,Mass Customer
Office Assistant IV,Manufacturing,Affluent Customer
Recruiter,Financial Services,High Net Worth
Account Executive,Health,Affluent Customer
Nurse,Telecommunications,Affluent Customer
VP Quality Control,Health,Mass Customer
Information Systems Manager,Manufacturing,Affluent Customer
Legal Assistant,Retail,Mass Customer
Graphic Designer,Financial Services,High Net Worth
Mechanical Systems Engineer,n/a,High Net Worth
Staff Scientist,Financial Services,Affluent Customer
Accountant IV,n/a,Affluent Customer
Biostatistician I,IT,High Net Worth
Web Developer III,Manufacturing,Affluent Customer
Staff Accountant IV,Retail,High Net Worth
Assistant Manager,Property,Affluent Customer
Safety Technician II,Retail,Mass Customer
Accounting Assistant III,Entertainment,Mass Customer
Community Outreach Specialist,IT,Affluent Customer
Internal Auditor,Retail,High Net Worth
Analog Circuit Design manager,Property,High Net Worth
VP Product Management,Telecommunications,Mass Customer
Staff Scientist,Financial Services,Mass Customer
Web Designer III,n/a,Mass Customer
Legal Assistant,Manufacturing,High Net Worth
Senior Developer,IT,Affluent Customer
Office Assistant I,IT,Affluent Customer
VP Quality Control,Telecommunications,Mass Customer
Mechanical Systems Engineer,IT,Mass Customer
Media Manager IV,Argiculture,Mass Customer
Environmental Specialist,Argiculture,Affluent Customer
Assistant Manager,Health,Affluent Customer
Payment Adjustment Coordinator,IT,Mass Customer
Nurse Practicioner,Entertainment,Mass Customer
Account Coordinator,Financial Services,Affluent Customer
Computer Systems Analyst I,Health,Mass Customer
Operator,Health,Mass Customer
Physical Therapy Assistant,n/a,Affluent Customer
Database Administrator IV,n/a,Affluent Customer
Senior Editor,Financial Services,High Net Worth
Director of Sales,Financial Services,Affluent Customer
Payment Adjustment Coordinator,Financial Services,High Net Worth
Web Designer IV,Property,High Net Worth
Physical Therapy Assistant,Manufacturing,Mass Customer
Media Manager III,Manufacturing,Mass Customer
Office Assistant IV,Financial Services,Mass Customer
VP Marketing,n/a,High Net Worth
Automation Specialist II,Health,High Net Worth
Software Engineer III,Financial Services,Mass Customer
Information Systems Manager,Argiculture,Mass Customer
Web Developer III,Financial Services,Mass Customer
Research Assistant IV,Manufacturing,Affluent Customer
Senior Editor,IT,Affluent Customer
Database Administrator III,IT,Mass Customer
Automation Specialist III,Manufacturing,Affluent Customer
Chief Design Engineer,Health,Mass Customer
Payment Adjustment Coordinator,Financial Services,Mass Customer
Safety Technician II,Manufacturing,Mass Customer
Staff Scientist,Health,High Net Worth
Media Manager I,Health,Mass Customer
Graphic Designer,IT,High Net Worth
GIS Technical Architect,n/a,High Net Worth
Human Resources Assistant I,Financial Services,Mass Customer
Engineer IV,IT,High Net Worth
Quality Control Specialist,n/a,High Net Worth
Research Associate,Telecommunications,High Net Worth
Product Engineer,Entertainment,Mass Customer
Account Representative III,n/a,Mass Customer
General Manager,Manufacturing,Mass Customer
Payment Adjustment Coordinator,n/a,Affluent Customer
General Manager,Entertainment,Mass Customer
Computer Systems Analyst I,n/a,Affluent Customer
VP Product Management,Financial Services,Affluent Customer
Administrative Assistant III,n/a,Mass Customer
Chief Design Engineer,Retail,Affluent Customer
Recruiter,Health,Affluent Customer
Account Executive,n/a,Affluent Customer
Engineer III,IT,High Net Worth
Staff Accountant II,Manufacturing,Mass Customer
Web Designer I,Retail,Affluent Customer
Automation Specialist IV,n/a,High Net Worth
Quality Engineer,Financial Services,Affluent Customer
Associate Professor,n/a,Mass Customer
Structural Engineer,Telecommunications,Affluent Customer
Analyst Programmer,Health,High Net Worth
Senior Sales Associate,n/a,High Net Worth
VP Marketing,Property,Affluent Customer
Software Test Engineer I,n/a,High Net Worth
Financial Analyst,Financial Services,Affluent Customer
Account Representative I,Health,High Net Worth
Database Administrator IV,Manufacturing,High Net Worth
Nurse,Manufacturing,High Net Worth
Software Test Engineer II,Property,Mass Customer
VP Product Management,Health,Mass Customer
Editor,Health,Mass Customer
Research Assistant IV,Manufacturing,Mass Customer
Programmer Analyst III,Health,Mass Customer
Help Desk Technician,Retail,Affluent Customer
Software Consultant,Financial Services,High Net Worth
Computer Systems Analyst II,Entertainment,High Net Worth
Director of Sales,Argiculture,Affluent Customer
Analog Circuit Design manager,Manufacturing,Affluent Customer
Accounting Assistant II,n/a,Affluent Customer
Software Test Engineer II,n/a,Mass Customer
Staff Accountant I,Manufacturing,Mass Customer
Safety Technician II,Financial Services,Mass Customer
General Manager,Property,Mass Customer
Engineer IV,Manufacturing,Mass Customer
Engineer III,IT,Mass Customer
Data Coordiator,n/a,High Net Worth
Analyst Programmer,Retail,Mass Customer
Accounting Assistant I,Financial Services,High Net Worth
Systems Administrator III,Argiculture,Mass Customer
Structural Engineer,IT,High Net Worth
VP Marketing,Retail,Mass Customer
Programmer II,n/a,Affluent Customer
Environmental Specialist,Health,Mass Customer
Product Engineer,IT,Mass Customer
Statistician II,Retail,Mass Customer
GIS Technical Architect,Property,Affluent Customer
Office Assistant IV,n/a,Mass Customer
Software Consultant,n/a,Affluent Customer
Quality Engineer,Property,High Net Worth
Systems Administrator IV,Health,High Net Worth
Community Outreach Specialist,Property,Affluent Customer
Account Coordinator,Health,Mass Customer
VP Marketing,Retail,High Net Worth
Research Associate,Retail,Mass Customer
Nurse Practicioner,Manufacturing,Affluent Customer
Database Administrator I,Financial Services,Affluent Customer
Product Engineer,Retail,Affluent Customer
Web Developer III,Manufacturing,High Net Worth
Staff Accountant III,Financial Services,Mass Customer
VP Quality Control,IT,Mass Customer
Recruiting Manager,Health,Affluent Customer
Quality Engineer,IT,High Net Worth
VP Marketing,Retail,Affluent Customer
Quality Control Specialist,Health,Mass Customer
Systems Administrator IV,Manufacturing,High Net Worth
Account Representative II,Financial Services,High Net Worth
Help Desk Operator,Argiculture,Mass Customer
VP Product Management,Financial Services,High Net Worth
Research Assistant I,Health,High Net Worth
Account Representative IV,Argiculture,High Net Worth
Programmer III,Financial Services,High Net Worth
Administrative Assistant IV,Manufacturing,Affluent Customer
Operator,Telecommunications,Mass Customer
Web Designer I,Financial Services,Mass Customer
Internal Auditor,IT,Affluent Customer
Staff Scientist,Telecommunications,High Net Worth
Biostatistician I,IT,Mass Customer
Software Consultant,Manufacturing,Mass Customer
Research Associate,n/a,High Net Worth
General Manager,Telecommunications,High Net Worth
Structural Analysis Engineer,IT,High Net Worth
Staff Scientist,n/a,High Net Worth
Marketing Manager,Retail,Affluent Customer
Media Manager I,Health,High Net Worth
Professor,Retail,Affluent Customer
Graphic Designer,Financial Services,Mass Customer
Marketing Manager,Health,Mass Customer
Help Desk Technician,n/a,Affluent Customer
Developer II,n/a,High Net Worth
Environmental Tech,Retail,Mass Customer
GIS Technical Architect,IT,Mass Customer
Structural Analysis Engineer,Retail,Mass Customer
Programmer Analyst IV,n/a,High Net Worth
Nurse,Retail,Affluent Customer
Accounting Assistant I,Manufacturing,Mass Customer
Administrative Assistant I,IT,Affluent Customer
Staff Accountant IV,Property,Mass Customer
Media Manager II,Property,Mass Customer
Web Developer III,Health,Affluent Customer
Computer Systems Analyst II,Health,High Net Worth
Marketing Assistant,Manufacturing,Mass Customer
Analog Circuit Design manager,Property,Affluent Customer
Junior Executive,IT,Mass Customer
VP Quality Control,Health,High Net Worth
Statistician II,n/a,Affluent Customer
Budget/Accounting Analyst II,Health,Mass Customer
Environmental Specialist,Retail,Affluent Customer
Product Engineer,Property,High Net Worth
Statistician IV,Retail,Affluent Customer
Senior Quality Engineer,Manufacturing,Affluent Customer
VP Marketing,Manufacturing,High Net Worth
Teacher,Health,High Net Worth
Editor,Health,High Net Worth
Tax Accountant,Property,Affluent Customer
Physical Therapy Assistant,Financial Services,High Net Worth
Structural Analysis Engineer,Manufacturing,High Net Worth
Office Assistant II,Property,Mass Customer
Office Assistant I,IT,Mass Customer
Nurse,Health,High Net Worth
Research Associate,Manufacturing,Mass Customer
Software Test Engineer I,Manufacturing,Mass Customer
Statistician II,Health,High Net Worth
Programmer Analyst III,n/a,Affluent Customer
Health Coach I,Health,Affluent Customer
Accountant I,Retail,High Net Worth
Human Resources Manager,Financial Services,Affluent Customer
Software Engineer III,Manufacturing,Mass Customer
Environmental Tech,Retail,Affluent Customer
Account Coordinator,Entertainment,Affluent Customer
Associate Professor,Entertainment,Mass Customer
Biostatistician IV,Health,Mass Customer
Teacher,Property,Affluent Customer
Assistant Professor,Argiculture,Affluent Customer
Computer Systems Analyst I,Argiculture,High Net Worth
Accountant II,Financial Services,High Net Worth
Research Assistant II,n/a,Mass Customer
GIS Technical Architect,Property,Mass Customer
Technical Writer,Property,Affluent Customer
Senior Quality Engineer,Entertainment,Mass Customer
Senior Developer,Argiculture,Mass Customer
Environmental Tech,IT,High Net Worth
Editor,Property,High Net Worth
Developer II,n/a,Affluent Customer
Web Developer IV,Manufacturing,Mass Customer
Administrative Assistant I,Argiculture,Affluent Customer
Office Assistant II,Manufacturing,Mass Customer
Chief Design Engineer,Financial Services,High Net Worth
Recruiting Manager,Telecommunications,Mass Customer
Programmer IV,Property,Mass Customer
Biostatistician II,Telecommunications,Mass Customer
Web Developer IV,n/a,High Net Worth
Desktop Support Technician,Health,High Net Worth
Legal Assistant,Argiculture,Mass Customer
Accountant I,n/a,Affluent Customer
Systems Administrator IV,n/a,High Net Worth
Systems Administrator III,Manufacturing,High Net Worth
VP Marketing,Financial Services,Affluent Customer
Engineer IV,n/a,Affluent Customer
Systems Administrator III,Argiculture,High Net Worth
Tax Accountant,Property,High Net Worth
Environmental Tech,n/a,High Net Worth
Chief Design Engineer,Telecommunications,High Net Worth
Software Test Engineer II,Property,Affluent Customer
VP Product Management,Retail,Mass Customer
Media Manager IV,IT,Mass Customer
Staff Accountant I,n/a,High Net Worth
Budget/Accounting Analyst II,Retail,Affluent Customer
Safety Technician III,Financial Services,High Net Worth
Account Executive,Manufacturing,High Net Worth
Geologist III,Manufacturing,Mass Customer
Analyst Programmer,Health,Mass Customer
Accounting Assistant III,Property,Affluent Customer
Mechanical Systems Engineer,n/a,Affluent Customer
Junior Executive,Retail,Affluent Customer
Quality Control Specialist,Retail,High Net Worth
Geologist II,IT,Mass Customer
Payment Adjustment Coordinator,n/a,High Net Worth
Human Resources Assistant III,Health,Mass Customer
Web Designer II,Manufacturing,High Net Worth
Programmer Analyst I,IT,High Net Worth
General Manager,Retail,Affluent Customer
Staff Accountant II,Retail,High Net Worth
Health Coach II,IT,Affluent Customer
Marketing Manager,Argiculture,High Net Worth
Research Assistant III,n/a,Mass Customer
Product Engineer,Argiculture,High Net Worth
Assistant Manager,Entertainment,Affluent Customer
Environmental Specialist,Telecommunications,Mass Customer
Mechanical Systems Engineer,Manufacturing,High Net Worth
Product Engineer,Financial Services,High Net Worth
Account Executive,Financial Services,High Net Worth
Engineer III,IT,Affluent Customer
Web Designer IV,Manufacturing,High Net Worth
Help Desk Operator,Health,Affluent Customer
Human Resources Assistant III,Financial Services,High Net Worth
Geologist II,Argiculture,Mass Customer
Administrative Assistant III,Retail,Mass Customer
Recruiter,Health,High Net Worth
Project Manager,Argiculture,High Net Worth
Sales Associate,Manufacturing,High Net Worth
Accountant II,Manufacturing,Affluent Customer
Editor,Manufacturing,High Net Worth
Administrative Assistant I,Entertainment,Affluent Customer
Biostatistician II,Manufacturing,Mass Customer
Developer II,Financial Services,Mass Customer
Web Developer IV,Property,Mass Customer
Automation Specialist IV,Health,Mass Customer
Database Administrator IV,Manufacturing,Affluent Customer
Assistant Manager,IT,High Net Worth